Workbook

Sheet Ввод
A1: ПАРАМЕТРЫ ПРОБЫ И КАЛИБРОВОЧНЫЕ ДАННЫЕ
A3: Средний отклик пробы (y_obs) | B3: 0.15
A4: Число повторностей пробы (p) | B4: 2
A5: Относительная стандартная неопределённость эталонов u(x_cal)/x | B5: 0.02
A6: Режим весов WLS (1=равные, 2=1/x, 3=1/x²) | B6: 3
A8: № | B8: Концентрация x | C8: Отклик 1 y | D8: Отклик 2 y | E8: Отклик 3 y | F8: Среднее y | G8: ŷ (ОМНК) | H8: Остаток e | I8: e² | J8: s(y_i) повт.
A9: 1 | B9: 0 | C9: 0.002 | D9: 0.001 | E9: 0.003 | F9: =IF(B9="","",AVERAGE(C9:E9)) | G9: =IF(B9="","",'Регрессия'!$B$8*B9+'Регрессия'!$B$9) | H9: =IF(F9="","",F9-G9) | I9: =IF(H9="","",H9^2) | J9: =IF(B9="","",IF(COUNT(C9:E9)>=2,STDEV(C9:E9),NA()))
A10: 2 | B10: 0.2 | C10: 0.055 | D10: 0.058 | E10: 0.054 | F10: =IF(B10="","",AVERAGE(C10:E10)) | G10: =IF(B10="","",'Регрессия'!$B$8*B10+'Регрессия'!$B$9) | H10: =IF(F10="","",F10-G10) | I10: =IF(H10="","",H10^2) | J10: =IF(B10="","",IF(COUNT(C10:E10)>=2,STDEV(C10:E10),NA()))
A11: 3 | B11: 0.4 | C11: 0.11 | D11: 0.112 | E11: 0.108 | F11: =IF(B11="","",AVERAGE(C11:E11)) | G11: =IF(B11="","",'Регрессия'!$B$8*B11+'Регрессия'!$B$9) | H11: =IF(F11="","",F11-G11) | I11: =IF(H11="","",H11^2) | J11: =IF(B11="","",IF(COUNT(C11:E11)>=2,STDEV(C11:E11),NA()))
A12: 4 | B12: 0.6 | C12: 0.165 | D12: 0.162 | E12: 0.168 | F12: =IF(B12="","",AVERAGE(C12:E12)) | G12: =IF(B12="","",'Регрессия'!$B$8*B12+'Регрессия'!$B$9) | H12: =IF(F12="","",F12-G12) | I12: =IF(H12="","",H12^2) | J12: =IF(B12="","",IF(COUNT(C12:E12)>=2,STDEV(C12:E12),NA()))
A13: 5 | B13: 0.8 | C13: 0.22 | D13: 0.225 | E13: 0.218 | F13: =IF(B13="","",AVERAGE(C13:E13)) | G13: =IF(B13="","",'Регрессия'!$B$8*B13+'Регрессия'!$B$9) | H13: =IF(F13="","",F13-G13) | I13: =IF(H13="","",H13^2) | J13: =IF(B13="","",IF(COUNT(C13:E13)>=2,STDEV(C13:E13),NA()))
A14: 6 | B14: 1 | C14: 0.275 | D14: 0.272 | E14: 0.278 | F14: =IF(B14="","",AVERAGE(C14:E14)) | G14: =IF(B14="","",'Регрессия'!$B$8*B14+'Регрессия'!$B$9) | H14: =IF(F14="","",F14-G14) | I14: =IF(H14="","",H14^2) | J14: =IF(B14="","",IF(COUNT(C14:E14)>=2,STDEV(C14:E14),NA()))
F15: =IF(B15="","",AVERAGE(C15:E15)) | G15: =IF(B15="","",'Регрессия'!$B$8*B15+'Регрессия'!$B$9) | H15: =IF(F15="","",F15-G15) | I15: =IF(H15="","",H15^2)
F16: =IF(B16="","",AVERAGE(C16:E16)) | G16: =IF(B16="","",'Регрессия'!$B$8*B16+'Регрессия'!$B$9) | H16: =IF(F16="","",F16-G16) | I16: =IF(H16="","",H16^2)
F17: =IF(B17="","",AVERAGE(C17:E17)) | G17: =IF(B17="","",'Регрессия'!$B$8*B17+'Регрессия'!$B$9) | H17: =IF(F17="","",F17-G17) | I17: =IF(H17="","",H17^2)
F18: =IF(B18="","",AVERAGE(C18:E18)) | G18: =IF(B18="","",'Регрессия'!$B$8*B18+'Регрессия'!$B$9) | H18: =IF(F18="","",F18-G18) | I18: =IF(H18="","",H18^2)
F19: =IF(B19="","",AVERAGE(C19:E19)) | G19: =IF(B19="","",'Регрессия'!$B$8*B19+'Регрессия'!$B$9) | H19: =IF(F19="","",F19-G19) | I19: =IF(H19="","",H19^2)
F20: =IF(B20="","",AVERAGE(C20:E20)) | G20: =IF(B20="","",'Регрессия'!$B$8*B20+'Регрессия'!$B$9) | H20: =IF(F20="","",F20-G20) | I20: =IF(H20="","",H20^2)
F21: =IF(B21="","",AVERAGE(C21:E21)) | G21: =IF(B21="","",'Регрессия'!$B$8*B21+'Регрессия'!$B$9) | H21: =IF(F21="","",F21-G21) | I21: =IF(H21="","",H21^2)
F22: =IF(B22="","",AVERAGE(C22:E22)) | G22: =IF(B22="","",'Регрессия'!$B$8*B22+'Регрессия'!$B$9) | H22: =IF(F22="","",F22-G22) | I22: =IF(H22="","",H22^2)
F23: =IF(B23="","",AVERAGE(C23:E23)) | G23: =IF(B23="","",'Регрессия'!$B$8*B23+'Регрессия'!$B$9) | H23: =IF(F23="","",F23-G23) | I23: =IF(H23="","",H23^2)
F24: =IF(B24="","",AVERAGE(C24:E24)) | G24: =IF(B24="","",'Регрессия'!$B$8*B24+'Регрессия'!$B$9) | H24: =IF(F24="","",F24-G24) | I24: =IF(H24="","",H24^2)
F25: =IF(B25="","",AVERAGE(C25:E25)) | G25: =IF(B25="","",'Регрессия'!$B$8*B25+'Регрессия'!$B$9) | H25: =IF(F25="","",F25-G25) | I25: =IF(H25="","",H25^2)
F26: =IF(B26="","",AVERAGE(C26:E26)) | G26: =IF(B26="","",'Регрессия'!$B$8*B26+'Регрессия'!$B$9) | H26: =IF(F26="","",F26-G26) | I26: =IF(H26="","",H26^2)
... F108: =IF(B108="","",AVERAGE(C108:E108)) | G108: =IF(B108="","",'Регрессия'!$B$8*B108+'Регрессия'!$B$9) | H108: =IF(F108="","",F108-G108) | I108: =IF(H108="","",H108^2)

Sheet Регрессия
A1: СТАТИСТИКИ ЛИНЕЙНОЙ РЕГРЕССИИ (ОМНК)
A2: Число точек калибровки n | B2: =COUNT('Ввод'!B9:B108)
A3: Среднее x̄ | B3: =AVERAGE('Ввод'!B9:B108)
A4: Среднее ȳ | B4: =AVERAGE('Ввод'!F9:F108)
A5: Sxx = Σ(xᵢ−x̄)² | B5: =DEVSQ('Ввод'!B9:B108)
A6: Остаточная дисперсия s²y/x | B6: =IF(B2>2,SUM('Ввод'!I9:I108)/(B2-2),NA())
A7: Наклон b1 | B7: =SLOPE('Ввод'!F9:F108,'Ввод'!B9:B108)
A8: Сдвиг b0 | B8: =INTERCEPT('Ввод'!F9:F108,'Ввод'!B9:B108)
A9: var(b1) | B9: =B6/B5
A10: var(b0) | B10: =B6*(1/B2+B3^2/B5)
A11: cov(b0,b1) | B11: =-B6*B3/B5
A12: R² | B12: =RSQ('Ввод'!F9:F108,'Ввод'!B9:B108)
A13: b0/b1 | B13: =B8/B7
A14: var(x_pred) ковариационная (полная) | B14: =(B10+B6/'Ввод'!B4-2*B11)/B7^2+(B13-'Неопределенность'!B1)^2*B9/B7^2

Sheet Взвешенная регрессия
A1: ВЗВЕШЕННАЯ РЕГРЕССИЯ (WLS): РАВНЫЕ ВЕСА / 1/x / 1/x²
A2: Текущий режим (задаётся на листе «Ввод», B6): | B2: =CHOOSE('Ввод'!$B$6,"равные веса (ОМНК)","w ∝ 1/x","w ∝ 1/x²")
F9: Относительный вес уровня
A10: x | B10: y (среднее) | C10: Вес w | D10: w·y
A11: =IF('Ввод'!B9="","",'Ввод'!B9) | B11: =IF(A11="","",'Ввод'!F9) | C11: =IF(A11="","",CHOOSE('Ввод'!$B$6,1,IF(A11>0,1/A11,NA()),IF(A11>0,1/A11^2,NA()))) | D11: =IF(A11="","",C11*B11) | F11: =IF(C11="","",C11/MAX($C$11:$C$110))
A12: =IF('Ввод'!B10="","",'Ввод'!B10) | B12: =IF(A12="","",'Ввод'!F10) | C12: =IF(A12="","",CHOOSE('Ввод'!$B$6,1,IF(A12>0,1/A12,NA()),IF(A12>0,1/A12^2,NA()))) | D12: =IF(A12="","",C12*B12) | F12: =IF(C12="","",C12/MAX($C$11:$C$110))
A13: =IF('Ввод'!B11="","",'Ввод'!B11) | B13: =IF(A13="","",'Ввод'!F11) | C13: =IF(A13="","",CHOOSE('Ввод'!$B$6,1,IF(A13>0,1/A13,NA()),IF(A13>0,1/A13^2,NA()))) | D13: =IF(A13="","",C13*B13) | F13: =IF(C13="","",C13/MAX($C$11:$C$110))
A14: =IF('Ввод'!B12="","",'Ввод'!B12) | B14: =IF(A14="","",'Ввод'!F12) | C14: =IF(A14="","",CHOOSE('Ввод'!$B$6,1,IF(A14>0,1/A14,NA()),IF(A14>0,1/A14^2,NA()))) | D14: =IF(A14="","",C14*B14) | F14: =IF(C14="","",C14/MAX($C$11:$C$110))
A15: =IF('Ввод'!B13="","",'Ввод'!B13) | B15: =IF(A15="","",'Ввод'!F13) | C15: =IF(A15="","",CHOOSE('Ввод'!$B$6,1,IF(A15>0,1/A15,NA()),IF(A15>0,1/A15^2,NA()))) | D15: =IF(A15="","",C15*B15) | F15: =IF(C15="","",C15/MAX($C$11:$C$110))
A16: =IF('Ввод'!B14="","",'Ввод'!B14) | B16: =IF(A16="","",'Ввод'!F14) | C16: =IF(A16="","",CHOOSE('Ввод'!$B$6,1,IF(A16>0,1/A16,NA()),IF(A16>0,1/A16^2,NA()))) | D16: =IF(A16="","",C16*B16) | F16: =IF(C16="","",C16/MAX($C$11:$C$110))
A17: =IF('Ввод'!B15="","",'Ввод'!B15) | B17: =IF(A17="","",'Ввод'!F15) | C17: =IF(A17="","",CHOOSE('Ввод'!$B$6,1,IF(A17>0,1/A17,NA()),IF(A17>0,1/A17^2,NA()))) | D17: =IF(A17="","",C17*B17) | F17: =IF(C17="","",C17/MAX($C$11:$C$110))
A18: =IF('Ввод'!B16="","",'Ввод'!B16) | B18: =IF(A18="","",'Ввод'!F16) | C18: =IF(A18="","",CHOOSE('Ввод'!$B$6,1,IF(A18>0,1/A18,NA()),IF(A18>0,1/A18^2,NA()))) | D18: =IF(A18="","",C18*B18) | F18: =IF(C18="","",C18/MAX($C$11:$C$110))
A19: =IF('Ввод'!B17="","",'Ввод'!B17) | B19: =IF(A19="","",'Ввод'!F17) | C19: =IF(A19="","",CHOOSE('Ввод'!$B$6,1,IF(A19>0,1/A19,NA()),IF(A19>0,1/A19^2,NA()))) | D19: =IF(A19="","",C19*B19) | F19: =IF(C19="","",C19/MAX($C$11:$C$110))
A20: =IF('Ввод'!B18="","",'Ввод'!B18) | B20: =IF(A20="","",'Ввод'!F18) | C20: =IF(A20="","",CHOOSE('Ввод'!$B$6,1,IF(A20>0,1/A20,NA()),IF(A20>0,1/A20^2,NA()))) | D20: =IF(A20="","",C20*B20) | F20: =IF(C20="","",C20/MAX($C$11:$C$110))
A21: =IF('Ввод'!B19="","",'Ввод'!B19) | B21: =IF(A21="","",'Ввод'!F19) | C21: =IF(A21="","",CHOOSE('Ввод'!$B$6,1,IF(A21>0,1/A21,NA()),IF(A21>0,1/A21^2,NA()))) | D21: =IF(A21="","",C21*B21) | F21: =IF(C21="","",C21/MAX($C$11:$C$110))
A22: =IF('Ввод'!B20="","",'Ввод'!B20) | B22: =IF(A22="","",'Ввод'!F20) | C22: =IF(A22="","",CHOOSE('Ввод'!$B$6,1,IF(A22>0,1/A22,NA()),IF(A22>0,1/A22^2,NA()))) | D22: =IF(A22="","",C22*B22) | F22: =IF(C22="","",C22/MAX($C$11:$C$110))
... A110: =IF('Ввод'!B108="","",'Ввод'!B108) | B110: =IF(A110="","",'Ввод'!F108) | C110: =IF(A110="","",CHOOSE('Ввод'!$B$6,1,IF(A110>0,1/A110,NA()),IF(A110>0,1/A110^2,NA()))) | D110: =IF(A110="","",C110*B110) | F110: =IF(C110="","",C110/MAX($C$11:$C$110))
A115: Σw | B115: =SUM(C11:C110)
A116: Σwx | B116: =SUMPRODUCT(C11:C110,A11:C110)
A117: Σwy | B117: =SUM(D11:D110)
A118: Sxx_w = Σw·x² − (Σwx)²/Σw | B118: =SUMPRODUCT(C11:C110,A11:C110^2)-B116^2/B115
A119: Sxy_w = Σw·xy − Σwx·Σwy/Σw | B119: =SUMPRODUCT(C11:C110,A11:C110,B11:C110)-B116*B117/B115
A120: Наклон b1 (WLS) | B120: =B119/B118
A121: Сдвиг b0 (WLS) | B121: =(B117-B120*B116)/B115
A122: SSE_w = Σw·(y−ŵ)² | B122: =SUMPRODUCT(C11:C110,(B11:C110-$B$120*A11:C110-$B$121)^2)
A123: Степени свободы (n_eff − 2) | B123: =COUNT(A11:A110)-2
A124: Взвешенная остаточная дисперсия φ_w | B124: =IF(B123>0,B122/B123,NA())
A125: var(b1)_w = φ_w/Sxx_w | B125: =B124/B118
A126: var(b0)_w | B126: =B124*(1/B115+B116^2/(B115*B118))
A127: cov(b0,b1)_w | B127: =-B124*B116/(B115*B118)
A128: Взвешенное среднее x̄_w | B128: =B116/B115
A129: Δb1 vs ОМНК, % | B129: =IF('Регрессия'!B7=0,NA(),ABS(B120-'Регрессия'!B7)/ABS('Регрессия'!B7))
A130: Δb0 vs ОМНК, % | B130: =IF('Регрессия'!B8=0,NA(),ABS(B121-'Регрессия'!B8)/MAX(ABS('Регрессия'!B8),1E-12))

Sheet Неопределенность
A1: ПРОГНОЗИРОВАНИЕ И НЕОПРЕДЕЛЁННОСТЬ (ТЕКУЩИЙ РЕЖИМ ВЕСОВ) | F1: x_pred (ОМНК, справочно)
A2: Предсказанная концентрация x_pred | B2: =('Ввод'!B3-'Взвешенная регрессия'!$B$121)/'Взвешенная регрессия'!$B$120 | F2: ('Ввод'!B3-'Регрессия'!B8)/'Регрессия'!B7
A3: Дисперсия среднего отклика пробы var(y_obs) | B3: =IF('Ввод'!$B$6=1,'Регрессия'!B6,'Взвешенная регрессия'!B124)/'Ввод'!B4
A4: u²(x_pred) ОМНК (классическая форма) | B4: =('Регрессия'!B6/'Регрессия'!B7^2)*(1/'Ввод'!B4+1/'Регрессия'!B2+(B1-'Регрессия'!B3)^2/'Регрессия'!B5)
A5: u²(x_pred) ОМНК (ковариационная форма) | B5: ='Регрессия'!B14
A6: Абсолютная u эталонов u(x_cal) | B6: =ABS(B1)*'Ввод'!B5
A7: u²(x_pred) текущий режим (WLS, интервальная форма) | B7: =IF('Ввод'!$B$6=1,B4,('Взвешенная регрессия'!$B$124*(1/'Ввод'!B4+1/COUNTIFS('Взвешенная регрессия'!A11:A110,">=0"))+(B1-'Взвешенная регрессия'!$B$128+'Взвешенная регрессия'!$B$121/'Взвешенная регрессия'!$B$120)^2*'Взвешенная регрессия'!$B$125+'Взвешенная регрессия'!$B$126+2*(B1-'Взвешенная регрессия'!$B$128+'Взвешенная регрессия'!$B$121/'Взвешенная регрессия'!$B$120)*'Взвешенная регрессия'!$B$127)/'Взвешенная регрессия'!$B$120^2)
A8: Суммарная стандартная u_c(x_pred) | B8: =SQRT(B6+B5^2)
A9: Расширенная U (k=2) | B9: =2*B7
A10: Относительная U | B10: =IF(B1=0,NA(),B8/ABS(B1))
A12: Контроль согласованности двух формул ОМНК | B12: =IFERROR(ABS(B4-B5)/MAX(ABS(B4),ABS(B5)),NA())
A13: Экстраполяция (границы диапазона калибровки) | B13: =OR(B1<MIN('Ввод'!B9:B108),B1>MAX('Ввод'!B9:B108))

Sheet Неопределенность по точкам
A1: НЕОПРЕДЕЛЁННОСТИ ПО УРОВНЯМ КАЛИБРОВКИ (ТЕКУЩИЙ РЕЖИМ ВЕСОВ)
A2: Режим весов: | B2: =CHOOSE('Ввод'!$B$6,"ОМНК","1/x","1/x²")
A4: № | B4: x_i | C4: s(y_i) повт. | D4: u(y_i) повторн. | E4: n_i | F4: ŷ_i модель | G4: var(ŷ_i) | H4: u(ŷ_i) | I4: u(y_i) модель | J4: u(y_i) комбин. | K4: u(x_i) обратн. | L4: U(x_i) k=2
A5: =IF('Ввод'!B9="","",ROW()-4) | B5: =IF('Ввод'!B9="","",'Ввод'!B9) | C5: =IF('Ввод'!J9="","",'Ввод'!J9) | D5: =IF(C5="","",C5/SQRT(E5)) | E5: =IF(B5="","",COUNT('Ввод'!C9:E9)) | F5: =IF(B5="","",IF('Ввод'!$B$6=1,'Регрессия'!$B$7,'Взвешенная регрессия'!$B$120)*B5+IF('Ввод'!$B$6=1,'Регрессия'!$B$8,'Взвешенная регрессия'!$B$121)) | G5: =IF(B5="","",IF('Ввод'!$B$6=1,'Регрессия'!$B$6*(1/'Регрессия'!$B$2+(B5-'Регрессия'!$B$3)^2/'Регрессия'!$B$5),'Взвешенная регрессия'!$B$124*(1/'Взвешенная регрессия'!$B$115+(B5-'Взвешенная регрессия'!$B$128)^2/'Взвешенная регрессия'!$B$118))) | H5: =IF(G5="","",SQRT(G5)) | I5: =IF(B5="","",SQRT(IF('Ввод'!$B$6=1,'Регрессия'!$B$6,'Взвешенная регрессия'!$B$124)+G5)) | J5: =IF(B5="","",SQRT(N(D5)^2+I5^2+(B5*'Ввод'!$B$5)^2)) | K5: =IF(B5="","",SQRT(IF('Ввод'!$B$6=1,'Регрессия'!$B$6*(1/E5+1/'Регрессия'!$B$2+(B5-'Регрессия'!$B$3)^2/'Регрессия'!$B$5)+'Регрессия'!$B$10+(B5-'Регрессия'!$B$3)^2*'Регрессия'!$B$9+2*(B5-'Регрессия'!$B$3)*'Регрессия'!$B$11,'Взвешенная регрессия'!$B$124*(1/E5+1/COUNTIFS('Взвешенная регрессия'!$A$11:$A$110,">=0"))+(B5-'Взвешенная регрессия'!$B$128)^2*'Взвешенная регрессия'!$B$125+'Взвешенная регрессия'!$B$126+2*(B5-'Взвешенная регрессия'!$B$128)*'Взвешенная регрессия'!$B$127)/IF('Ввод'!$B$6=1,'Регрессия'!$B$7,'Взвешенная регрессия'!$B$120)^2+(B5*'Ввод'!$B$5)^2)) | L5: =IF(K5="","",2*K5)
A6: =IF('Ввод'!B10="","",ROW()-4) | B6: =IF('Ввод'!B10="","",'Ввод'!B10) | C6: =IF('Ввод'!J10="","",'Ввод'!J10) | D6: =IF(C6="","",C6/SQRT(E6)) | E6: =IF(B6="","",COUNT('Ввод'!C10:E10)) | F6: =IF(B6="","",IF('Ввод'!$B$6=1,'Регрессия'!$B$7,'Взвешенная регрессия'!$B$120)*B6+IF('Ввод'!$B$6=1,'Регрессия'!$B$8,'Взвешенная регрессия'!$B$121)) | G6: =IF(B6="","",IF('Ввод'!$B$6=1,'Регрессия'!$B$6*(1/'Регрессия'!$B$2+(B6-'Регрессия'!$B$3)^2/'Регрессия'!$B$5),'Взвешенная регрессия'!$B$124*(1/'Взвешенная регрессия'!$B$115+(B6-'Взвешенная регрессия'!$B$128)^2/'Взвешенная регрессия'!$B$118))) | H6: =IF(G6="","",SQRT(G6)) | I6: =IF(B6="","",SQRT(IF('Ввод'!$B$6=1,'Регрессия'!$B$6,'Взвешенная регрессия'!$B$124)+G6)) | J6: =IF(B6="","",SQRT(N(D6)^2+I6^2+(B6*'Ввод'!$B$5)^2)) | K6: =IF(B6="","",SQRT(IF('Ввод'!$B$6=1,'Регрессия'!$B$6*(1/E6+1/'Регрессия'!$B$2+(B6-'Регрессия'!$B$3)^2/'Регрессия'!$B$5)+'Регрессия'!$B$10+(B6-'Регрессия'!$B$3)^2*'Регрессия'!$B$9+2*(B6-'Регрессия'!$B$3)*'Регрессия'!$B$11,'Взвешенная регрессия'!$B$124*(1/E6+1/COUNTIFS('Взвешенная регрессия'!$A$11:$A$110,">=0"))+(B6-'Взвешенная регрессия'!$B$128)^2*'Взвешенная регрессия'!$B$125+'Взвешенная регрессия'!$B$126+2*(B6-'Взвешенная регрессия'!$B$128)*'Взвешенная регрессия'!$B$127)/IF('Ввод'!$B$6=1,'Регрессия'!$B$7,'Взвешенная регрессия'!$B$120)^2+(B6*'Ввод'!$B$5)^2)) | L6: =IF(K6="","",2*K6)
A7: =IF('Ввод'!B11="","",ROW()-4) | B7: =IF('Ввод'!B11="","",'Ввод'!B11) | C7: =IF('Ввод'!J11="","",'Ввод'!J11) | D7: =IF(C7="","",C7/SQRT(E7)) | E7: =IF(B7="","",COUNT('Ввод'!C11:E11)) | F7: =IF(B7="","",IF('Ввод'!$B$6=1,'Регрессия'!$B$7,'Взвешенная регрессия'!$B$120)*B7+IF('Ввод'!$B$6=1,'Регрессия'!$B$8,'Взвешенная регрессия'!$B$121)) | G7: =IF(B7="","",IF('Ввод'!$B$6=1,'Регрессия'!$B$6*(1/'Регрессия'!$B$2+(B7-'Регрессия'!$B$3)^2/'Регрессия'!$B$5),'Взвешенная регрессия'!$B$124*(1/'Взвешенная регрессия'!$B$115+(B7-'Взвешенная регрессия'!$B$128)^2/'Взвешенная регрессия'!$B$118))) | H7: =IF(G7="","",SQRT(G7)) | I7: =IF(B7="","",SQRT(IF('Ввод'!$B$6=1,'Регрессия'!$B$6,'Взвешенная регрессия'!$B$124)+G7)) | J7: =IF(B7="","",SQRT(N(D7)^2+I7^2+(B7*'Ввод'!$B$5)^2)) | K7: =IF(B7="","",SQRT(IF('Ввод'!$B$6=1,'Регрессия'!$B$6*(1/E7+1/'Регрессия'!$B$2+(B7-'Регрессия'!$B$3)^2/'Регрессия'!$B$5)+'Регрессия'!$B$10+(B7-'Регрессия'!$B$3)^2*'Регрессия'!$B$9+2*(B7-'Регрессия'!$B$3)*'Регрессия'!$B$11,'Взвешенная регрессия'!$B$124*(1/E7+1/COUNTIFS('Взвешенная регрессия'!$A$11:$A$110,">=0"))+(B7-'Взвешенная регрессия'!$B$128)^2*'Взвешенная регрессия'!$B$125+'Взвешенная регрессия'!$B$126+2*(B7-'Взвешенная регрессия'!$B$128)*'Взвешенная регрессия'!$B$127)/IF('Ввод'!$B$6=1,'Регрессия'!$B$7,'Взвешенная регрессия'!$B$120)^2+(B7*'Ввод'!$B$5)^2)) | L7: =IF(K7="","",2*K7)
A8: =IF('Ввод'!B12="","",ROW()-4) | B8: =IF('Ввод'!B12="","",'Ввод'!B12) | C8: =IF('Ввод'!J12="","",'Ввод'!J12) | D8: =IF(C8="","",C8/SQRT(E8)) | E8: =IF(B8="","",COUNT('Ввод'!C12:E12)) | F8: =IF(B8="","",IF('Ввод'!$B$6=1,'Регрессия'!$B$7,'Взвешенная регрессия'!$B$120)*B8+IF('Ввод'!$B$6=1,'Регрессия'!$B$8,'Взвешенная регрессия'!$B$121)) | G8: =IF(B8="","",IF('Ввод'!$B$6=1,'Регрессия'!$B$6*(1/'Регрессия'!$B$2+(B8-'Регрессия'!$B$3)^2/'Регрессия'!$B$5),'Взвешенная регрессия'!$B$124*(1/'Взвешенная регрессия'!$B$115+(B8-'Взвешенная регрессия'!$B$128)^2/'Взвешенная регрессия'!$B$118))) | H8: =IF(G8="","",SQRT(G8)) | I8: =IF(B8="","",SQRT(IF('Ввод'!$B$6=1,'Регрессия'!$B$6,'Взвешенная регрессия'!$B$124)+G8)) | J8: =IF(B8="","",SQRT(N(D8)^2+I8^2+(B8*'Ввод'!$B$5)^2)) | K8: =IF(B8="","",SQRT(IF('Ввод'!$B$6=1,'Регрессия'!$B$6*(1/E8+1/'Регрессия'!$B$2+(B8-'Регрессия'!$B$3)^2/'Регрессия'!$B$5)+'Регрессия'!$B$10+(B8-'Регрессия'!$B$3)^2*'Регрессия'!$B$9+2*(B8-'Регрессия'!$B$3)*'Регрессия'!$B$11,'Взвешенная регрессия'!$B$124*(1/E8+1/COUNTIFS('Взвешенная регрессия'!$A$11:$A$110,">=0"))+(B8-'Взвешенная регрессия'!$B$128)^2*'Взвешенная регрессия'!$B$125+'Взвешенная регрессия'!$B$126+2*(B8-'Взвешенная регрессия'!$B$128)*'Взвешенная регрессия'!$B$127)/IF('Ввод'!$B$6=1,'Регрессия'!$B$7,'Взвешенная регрессия'!$B$120)^2+(B8*'Ввод'!$B$5)^2)) | L8: =IF(K8="","",2*K8)
A9: =IF('Ввод'!B13="","",ROW()-4) | B9: =IF('Ввод'!B13="","",'Ввод'!B13) | C9: =IF('Ввод'!J13="","",'Ввод'!J13) | D9: =IF(C9="","",C9/SQRT(E9)) | E9: =IF(B9="","",COUNT('Ввод'!C13:E13)) | F9: =IF(B9="","",IF('Ввод'!$B$6=1,'Регрессия'!$B$7,'Взвешенная регрессия'!$B$120)*B9+IF('Ввод'!$B$6=1,'Регрессия'!$B$8,'Взвешенная регрессия'!$B$121)) | G9: =IF(B9="","",IF('Ввод'!$B$6=1,'Регрессия'!$B$6*(1/'Регрессия'!$B$2+(B9-'Регрессия'!$B$3)^2/'Регрессия'!$B$5),'Взвешенная регрессия'!$B$124*(1/'Взвешенная регрессия'!$B$115+(B9-'Взвешенная регрессия'!$B$128)^2/'Взвешенная регрессия'!$B$118))) | H9: =IF(G9="","",SQRT(G9)) | I9: =IF(B9="","",SQRT(IF('Ввод'!$B$6=1,'Регрессия'!$B$6,'Взвешенная регрессия'!$B$124)+G9)) | J9: =IF(B9="","",SQRT(N(D9)^2+I9^2+(B9*'Ввод'!$B$5)^2)) | K9: =IF(B9="","",SQRT(IF('Ввод'!$B$6=1,'Регрессия'!$B$6*(1/E9+1/'Регрессия'!$B$2+(B9-'Регрессия'!$B$3)^2/'Регрессия'!$B$5)+'Регрессия'!$B$10+(B9-'Регрессия'!$B$3)^2*'Регрессия'!$B$9+2*(B9-'Регрессия'!$B$3)*'Регрессия'!$B$11,'Взвешенная регрессия'!$B$124*(1/E9+1/COUNTIFS('Взвешенная регрессия'!$A$11:$A$110,">=0"))+(B9-'Взвешенная регрессия'!$B$128)^2*'Взвешенная регрессия'!$B$125+'Взвешенная регрессия'!$B$126+2*(B9-'Взвешенная регрессия'!$B$128)*'Взвешенная регрессия'!$B$127)/IF('Ввод'!$B$6=1,'Регрессия'!$B$7,'Взвешенная регрессия'!$B$120)^2+(B9*'Ввод'!$B$5)^2)) | L9: =IF(K9="","",2*K9)
A10: =IF('Ввод'!B14="","",ROW()-4) | B10: =IF('Ввод'!B14="","",'Ввод'!B14) | C10: =IF('Ввод'!J14="","",'Ввод'!J14) | D10: =IF(C10="","",C10/SQRT(E10)) | E10: =IF(B10="","",COUNT('Ввод'!C14:E14)) | F10: =IF(B10="","",IF('Ввод'!$B$6=1,'Регрессия'!$B$7,'Взвешенная регрессия'!$B$120)*B10+IF('Ввод'!$B$6=1,'Регрессия'!$B$8,'Взвешенная регрессия'!$B$121)) | G10: =IF(B10="","",IF('Ввод'!$B$6=1,'Регрессия'!$B$6*(1/'Регрессия'!$B$2+(B10-'Регрессия'!$B$3)^2/'Регрессия'!$B$5),'Взвешенная регрессия'!$B$124*(1/'Взвешенная регрессия'!$B$115+(B10-'Взвешенная регрессия'!$B$128)^2/'Взвешенная регрессия'!$B$118))) | H10: =IF(G10="","",SQRT(G10)) | I10: =IF(B10="","",SQRT(IF('Ввод'!$B$6=1,'Регрессия'!$B$6,'Взвешенная регрессия'!$B$124)+G10)) | J10: =IF(B10="","",SQRT(N(D10)^2+I10^2+(B10*'Ввод'!$B$5)^2)) | K10: =IF(B10="","",SQRT(IF('Ввод'!$B$6=1,'Регрессия'!$B$6*(1/E10+1/'Регрессия'!$B$2+(B10-'Регрессия'!$B$3)^2/'Регрессия'!$B$5)+'Регрессия'!$B$10+(B10-'Регрессия'!$B$3)^2*'Регрессия'!$B$9+2*(B10-'Регрессия'!$B$3)*'Регрессия'!$B$11,'Взвешенная регрессия'!$B$124*(1/E10+1/COUNTIFS('Взвешенная регрессия'!$A$11:$A$110,">=0"))+(B10-'Взвешенная регрессия'!$B$128)^2*'Взвешенная регрессия'!$B$125+'Взвешенная регрессия'!$B$126+2*(B10-'Взвешенная регрессия'!$B$128)*'Взвешенная регрессия'!$B$127)/IF('Ввод'!$B$6=1,'Регрессия'!$B$7,'Взвешенная регрессия'!$B$120)^2+(B10*'Ввод'!$B$5)^2)) | L10: =IF(K10="","",2*K10)
A11: =IF('Ввод'!B15="","",ROW()-4) | B11: =IF('Ввод'!B15="","",'Ввод'!B15) | C11: =IF('Ввод'!J15="","",'Ввод'!J15) | D11: =IF(C11="","",C11/SQRT(E11)) | E11: =IF(B11="","",COUNT('Ввод'!C15:E15)) | F11: =IF(B11="","",IF('Ввод'!$B$6=1,'Регрессия'!$B$7,'Взвешенная регрессия'!$B$120)*B11+IF('Ввод'!$B$6=1,'Регрессия'!$B$8,'Взвешенная регрессия'!$B$121)) | G11: =IF(B11="","",IF('Ввод'!$B$6=1,'Регрессия'!$B$6*(1/'Регрессия'!$B$2+(B11-'Регрессия'!$B$3)^2/'Регрессия'!$B$5),'Взвешенная регрессия'!$B$124*(1/'Взвешенная регрессия'!$B$115+(B11-'Взвешенная регрессия'!$B$128)^2/'Взвешенная регрессия'!$B$118))) | H11: =IF(G11="","",SQRT(G11)) | I11: =IF(B11="","",SQRT(IF('Ввод'!$B$6=1,'Регрессия'!$B$6,'Взвешенная регрессия'!$B$124)+G11)) | J11: =IF(B11="","",SQRT(N(D11)^2+I11^2+(B11*'Ввод'!$B$5)^2)) | K11: =IF(B11="","",SQRT(IF('Ввод'!$B$6=1,'Регрессия'!$B$6*(1/E11+1/'Регрессия'!$B$2+(B11-'Регрессия'!$B$3)^2/'Регрессия'!$B$5)+'Регрессия'!$B$10+(B11-'Регрессия'!$B$3)^2*'Регрессия'!$B$9+2*(B11-'Регрессия'!$B$3)*'Регрессия'!$B$11,'Взвешенная регрессия'!$B$124*(1/E11+1/COUNTIFS('Взвешенная регрессия'!$A$11:$A$110,">=0"))+(B11-'Взвешенная регрессия'!$B$128)^2*'Взвешенная регрессия'!$B$125+'Взвешенная регрессия'!$B$126+2*(B11-'Взвешенная регрессия'!$B$128)*'Взвешенная регрессия'!$B$127)/IF('Ввод'!$B$6=1,'Регрессия'!$B$7,'Взвешенная регрессия'!$B$120)^2+(B11*'Ввод'!$B$5)^2)) | L11: =IF(K11="","",2*K11)
A12: =IF('Ввод'!B16="","",ROW()-4) | B12: =IF('Ввод'!B16="","",'Ввод'!B16) | C12: =IF('Ввод'!J16="","",'Ввод'!J16) | D12: =IF(C12="","",C12/SQRT(E12)) | E12: =IF(B12="","",COUNT('Ввод'!C16:E16)) | F12: =IF(B12="","",IF('Ввод'!$B$6=1,'Регрессия'!$B$7,'Взвешенная регрессия'!$B$120)*B12+IF('Ввод'!$B$6=1,'Регрессия'!$B$8,'Взвешенная регрессия'!$B$121)) | G12: =IF(B12="","",IF('Ввод'!$B$6=1,'Регрессия'!$B$6*(1/'Регрессия'!$B$2+(B12-'Регрессия'!$B$3)^2/'Регрессия'!$B$5),'Взвешенная регрессия'!$B$124*(1/'Взвешенная регрессия'!$B$115+(B12-'Взвешенная регрессия'!$B$128)^2/'Взвешенная регрессия'!$B$118))) | H12: =IF(G12="","",SQRT(G12)) | I12: =IF(B12="","",SQRT(IF('Ввод'!$B$6=1,'Регрессия'!$B$6,'Взвешенная регрессия'!$B$124)+G12)) | J12: =IF(B12="","",SQRT(N(D12)^2+I12^2+(B12*'Ввод'!$B$5)^2)) | K12: =IF(B12="","",SQRT(IF('Ввод'!$B$6=1,'Регрессия'!$B$6*(1/E12+1/'Регрессия'!$B$2+(B12-'Регрессия'!$B$3)^2/'Регрессия'!$B$5)+'Регрессия'!$B$10+(B12-'Регрессия'!$B$3)^2*'Регрессия'!$B$9+2*(B12-'Регрессия'!$B$3)*'Регрессия'!$B$11,'Взвешенная регрессия'!$B$124*(1/E12+1/COUNTIFS('Взвешенная регрессия'!$A$11:$A$110,">=0"))+(B12-'Взвешенная регрессия'!$B$128)^2*'Взвешенная регрессия'!$B$125+'Взвешенная регрессия'!$B$126+2*(B12-'Взвешенная регрессия'!$B$128)*'Взвешенная регрессия'!$B$127)/IF('Ввод'!$B$6=1,'Регрессия'!$B$7,'Взвешенная регрессия'!$B$120)^2+(B12*'Ввод'!$B$5)^2)) | L12: =IF(K12="","",2*K12)
A13: =IF('Ввод'!B17="","",ROW()-4) | B13: =IF('Ввод'!B17="","",'Ввод'!B17) | C13: =IF('Ввод'!J17="","",'Ввод'!J17) | D13: =IF(C13="","",C13/SQRT(E13)) | E13: =IF(B13="","",COUNT('Ввод'!C17:E17)) | F13: =IF(B13="","",IF('Ввод'!$B$6=1,'Регрессия'!$B$7,'Взвешенная регрессия'!$B$120)*B13+IF('Ввод'!$B$6=1,'Регрессия'!$B$8,'Взвешенная регрессия'!$B$121)) | G13: =IF(B13="","",IF('Ввод'!$B$6=1,'Регрессия'!$B$6*(1/'Регрессия'!$B$2+(B13-'Регрессия'!$B$3)^2/'Регрессия'!$B$5),'Взвешенная регрессия'!$B$124*(1/'Взвешенная регрессия'!$B$115+(B13-'Взвешенная регрессия'!$B$128)^2/'Взвешенная регрессия'!$B$118))) | H13: =IF(G13="","",SQRT(G13)) | I13: =IF(B13="","",SQRT(IF('Ввод'!$B$6=1,'Регрессия'!$B$6,'Взвешенная регрессия'!$B$124)+G13)) | J13: =IF(B13="","",SQRT(N(D13)^2+I13^2+(B13*'Ввод'!$B$5)^2)) | K13: =IF(B13="","",SQRT(IF('Ввод'!$B$6=1,'Регрессия'!$B$6*(1/E13+1/'Регрессия'!$B$2+(B13-'Регрессия'!$B$3)^2/'Регрессия'!$B$5)+'Регрессия'!$B$10+(B13-'Регрессия'!$B$3)^2*'Регрессия'!$B$9+2*(B13-'Регрессия'!$B$3)*'Регрессия'!$B$11,'Взвешенная регрессия'!$B$124*(1/E13+1/COUNTIFS('Взвешенная регрессия'!$A$11:$A$110,">=0"))+(B13-'Взвешенная регрессия'!$B$128)^2*'Взвешенная регрессия'!$B$125+'Взвешенная регрессия'!$B$126+2*(B13-'Взвешенная регрессия'!$B$128)*'Взвешенная регрессия'!$B$127)/IF('Ввод'!$B$6=1,'Регрессия'!$B$7,'Взвешенная регрессия'!$B$120)^2+(B13*'Ввод'!$B$5)^2)) | L13: =IF(K13="","",2*K13)
A14: =IF('Ввод'!B18="","",ROW()-4) | B14: =IF('Ввод'!B18="","",'Ввод'!B18) | C14: =IF('Ввод'!J18="","",'Ввод'!J18) | D14: =IF(C14="","",C14/SQRT(E14)) | E14: =IF(B14="","",COUNT('Ввод'!C18:E18)) | F14: =IF(B14="","",IF('Ввод'!$B$6=1,'Регрессия'!$B$7,'Взвешенная регрессия'!$B$120)*B14+IF('Ввод'!$B$6=1,'Регрессия'!$B$8,'Взвешенная регрессия'!$B$121)) | G14: =IF(B14="","",IF('Ввод'!$B$6=1,'Регрессия'!$B$6*(1/'Регрессия'!$B$2+(B14-'Регрессия'!$B$3)^2/'Регрессия'!$B$5),'Взвешенная регрессия'!$B$124*(1/'Взвешенная регрессия'!$B$115+(B14-'Взвешенная регрессия'!$B$128)^2/'Взвешенная регрессия'!$B$118))) | H14: =IF(G14="","",SQRT(G14)) | I14: =IF(B14="","",SQRT(IF('Ввод'!$B$6=1,'Регрессия'!$B$6,'Взвешенная регрессия'!$B$124)+G14)) | J14: =IF(B14="","",SQRT(N(D14)^2+I14^2+(B14*'Ввод'!$B$5)^2)) | K14: =IF(B14="","",SQRT(IF('Ввод'!$B$6=1,'Регрессия'!$B$6*(1/E14+1/'Регрессия'!$B$2+(B14-'Регрессия'!$B$3)^2/'Регрессия'!$B$5)+'Регрессия'!$B$10+(B14-'Регрессия'!$B$3)^2*'Регрессия'!$B$9+2*(B14-'Регрессия'!$B$3)*'Регрессия'!$B$11,'Взвешенная регрессия'!$B$124*(1/E14+1/COUNTIFS('Взвешенная регрессия'!$A$11:$A$110,">=0"))+(B14-'Взвешенная регрессия'!$B$128)^2*'Взвешенная регрессия'!$B$125+'Взвешенная регрессия'!$B$126+2*(B14-'Взвешенная регрессия'!$B$128)*'Взвешенная регрессия'!$B$127)/IF('Ввод'!$B$6=1,'Регрессия'!$B$7,'Взвешенная регрессия'!$B$120)^2+(B14*'Ввод'!$B$5)^2)) | L14: =IF(K14="","",2*K14)
A15: =IF('Ввод'!B19="","",ROW()-4) | B15: =IF('Ввод'!B19="","",'Ввод'!B19) | C15: =IF('Ввод'!J19="","",'Ввод'!J19) | D15: =IF(C15="","",C15/SQRT(E15)) | E15: =IF(B15="","",COUNT('Ввод'!C19:E19)) | F15: =IF(B15="","",IF('Ввод'!$B$6=1,'Регрессия'!$B$7,'Взвешенная регрессия'!$B$120)*B15+IF('Ввод'!$B$6=1,'Регрессия'!$B$8,'Взвешенная регрессия'!$B$121)) | G15: =IF(B15="","",IF('Ввод'!$B$6=1,'Регрессия'!$B$6*(1/'Регрессия'!$B$2+(B15-'Регрессия'!$B$3)^2/'Регрессия'!$B$5),'Взвешенная регрессия'!$B$124*(1/'Взвешенная регрессия'!$B$115+(B15-'Взвешенная регрессия'!$B$128)^2/'Взвешенная регрессия'!$B$118))) | H15: =IF(G15="","",SQRT(G15)) | I15: =IF(B15="","",SQRT(IF('Ввод'!$B$6=1,'Регрессия'!$B$6,'Взвешенная регрессия'!$B$124)+G15)) | J15: =IF(B15="","",SQRT(N(D15)^2+I15^2+(B15*'Ввод'!$B$5)^2)) | K15: =IF(B15="","",SQRT(IF('Ввод'!$B$6=1,'Регрессия'!$B$6*(1/E15+1/'Регрессия'!$B$2+(B15-'Регрессия'!$B$3)^2/'Регрессия'!$B$5)+'Регрессия'!$B$10+(B15-'Регрессия'!$B$3)^2*'Регрессия'!$B$9+2*(B15-'Регрессия'!$B$3)*'Регрессия'!$B$11,'Взвешенная регрессия'!$B$124*(1/E15+1/COUNTIFS('Взвешенная регрессия'!$A$11:$A$110,">=0"))+(B15-'Взвешенная регрессия'!$B$128)^2*'Взвешенная регрессия'!$B$125+'Взвешенная регрессия'!$B$126+2*(B15-'Взвешенная регрессия'!$B$128)*'Взвешенная регрессия'!$B$127)/IF('Ввод'!$B$6=1,'Регрессия'!$B$7,'Взвешенная регрессия'!$B$120)^2+(B15*'Ввод'!$B$5)^2)) | L15: =IF(K15="","",2*K15)
A16: =IF('Ввод'!B20="","",ROW()-4) | B16: =IF('Ввод'!B20="","",'Ввод'!B20) | C16: =IF('Ввод'!J20="","",'Ввод'!J20) | D16: =IF(C16="","",C16/SQRT(E16)) | E16: =IF(B16="","",COUNT('Ввод'!C20:E20)) | F16: =IF(B16="","",IF('Ввод'!$B$6=1,'Регрессия'!$B$7,'Взвешенная регрессия'!$B$120)*B16+IF('Ввод'!$B$6=1,'Регрессия'!$B$8,'Взвешенная регрессия'!$B$121)) | G16: =IF(B16="","",IF('Ввод'!$B$6=1,'Регрессия'!$B$6*(1/'Регрессия'!$B$2+(B16-'Регрессия'!$B$3)^2/'Регрессия'!$B$5),'Взвешенная регрессия'!$B$124*(1/'Взвешенная регрессия'!$B$115+(B16-'Взвешенная регрессия'!$B$128)^2/'Взвешенная регрессия'!$B$118))) | H16: =IF(G16="","",SQRT(G16)) | I16: =IF(B16="","",SQRT(IF('Ввод'!$B$6=1,'Регрессия'!$B$6,'Взвешенная регрессия'!$B$124)+G16)) | J16: =IF(B16="","",SQRT(N(D16)^2+I16^2+(B16*'Ввод'!$B$5)^2)) | K16: =IF(B16="","",SQRT(IF('Ввод'!$B$6=1,'Регрессия'!$B$6*(1/E16+1/'Регрессия'!$B$2+(B16-'Регрессия'!$B$3)^2/'Регрессия'!$B$5)+'Регрессия'!$B$10+(B16-'Регрессия'!$B$3)^2*'Регрессия'!$B$9+2*(B16-'Регрессия'!$B$3)*'Регрессия'!$B$11,'Взвешенная регрессия'!$B$124*(1/E16+1/COUNTIFS('Взвешенная регрессия'!$A$11:$A$110,">=0"))+(B16-'Взвешенная регрессия'!$B$128)^2*'Взвешенная регрессия'!$B$125+'Взвешенная регрессия'!$B$126+2*(B16-'Взвешенная регрессия'!$B$128)*'Взвешенная регрессия'!$B$127)/IF('Ввод'!$B$6=1,'Регрессия'!$B$7,'Взвешенная регрессия'!$B$120)^2+(B16*'Ввод'!$B$5)^2)) | L16: =IF(K16="","",2*K16)
... A104: =IF('Ввод'!B108="","",ROW()-4) | B104: =IF('Ввод'!B108="","",'Ввод'!B108) | C104: =IF('Ввод'!J108="","",'Ввод'!J108) | D104: =IF(C104="","",C104/SQRT(E104)) | E104: =IF(B104="","",COUNT('Ввод'!C108:E108)) | F104: =IF(B104="","",IF('Ввод'!$B$6=1,'Регрессия'!$B$7,'Взвешенная регрессия'!$B$120)*B104+IF('Ввод'!$B$6=1,'Регрессия'!$B$8,'Взвешенная регрессия'!$B$121)) | G104: =IF(B104="","",IF('Ввод'!$B$6=1,'Регрессия'!$B$6*(1/'Регрессия'!$B$2+(B104-'Регрессия'!$B$3)^2/'Регрессия'!$B$5),'Взвешенная регрессия'!$B$124*(1/'Взвешенная регрессия'!$B$115+(B104-'Взвешенная регрессия'!$B$128)^2/'Взвешенная регрессия'!$B$118))) | H104: =IF(G104="","",SQRT(G104)) | I104: =IF(B104="","",SQRT(IF('Ввод'!$B$6=1,'Регрессия'!$B$6,'Взвешенная регрессия'!$B$124)+G104)) | J104: =IF(B104="","",SQRT(N(D104)^2+I104^2+(B104*'Ввод'!$B$5)^2)) | K104: =IF(B104="","",SQRT(IF('Ввод'!$B$6=1,'Регрессия'!$B$6*(1/E104+1/'Регрессия'!$B$2+(B104-'Регрессия'!$B$3)^2/'Регрессия'!$B$5)+'Регрессия'!$B$10+(B104-'Регрессия'!$B$3)^2*'Регрессия'!$B$9+2*(B104-'Регрессия'!$B$3)*'Регрессия'!$B$11,'Взвешенная регрессия'!$B$124*(1/E104+1/COUNTIFS('Взвешенная регрессия'!$A$11:$A$110,">=0"))+(B104-'Взвешенная регрессия'!$B$128)^2*'Взвешенная регрессия'!$B$125+'Взвешенная регрессия'!$B$126+2*(B104-'Взвешенная регрессия'!$B$128)*'Взвешенная регрессия'!$B$127)/IF('Ввод'!$B$6=1,'Регрессия'!$B$7,'Взвешенная регрессия'!$B$120)^2+(B104*'Ввод'!$B$5)^2)) | L104: =IF(K104="","",2*K104)

Sheet Профиль U(x)
A1: ПРОФИЛЬ РАСШИРЕННОЙ НЕОПРЕДЕЛЁННОСТИ U(x) ПО ДИАПАЗОНУ
A2: Шаг сетки: | B2: =(MAX('Ввод'!B9:B108)-MIN('Ввод'!B9:B108))/199
A3: x | B3: dx = x − (x̄_act + b0_act/b1_act) | C3: u²(x) модель | D3: u(x) модель | E3: u_c(x) с учётом эталонов | F3: U(x) k=2 | G3: это x_pred?
A4: =MIN('Ввод'!$B$9:$B$108)+(ROW()-4)*$B$2 | B4: =IF('Ввод'!$B$6=1,A4-'Регрессия'!$B$3,A4-'Взвешенная регрессия'!$B$128+'Взвешенная регрессия'!$B$121/'Взвешенная регрессия'!$B$120) | C4: =IF('Ввод'!$B$6=1,'Регрессия'!$B$6*(1/'Ввод'!$B$4+1/'Регрессия'!$B$2+B4^2/'Регрессия'!$B$5)+'Регрессия'!$B$10+B4^2*'Регрессия'!$B$9+2*B4*'Регрессия'!$B$11,'Взвешенная регрессия'!$B$124*(1/'Ввод'!$B$4+1/COUNTIFS('Взвешенная регрессия'!$A$11:$A$110,">=0"))+B4^2*'Взвешенная регрессия'!$B$125+'Взвешенная регрессия'!$B$126+2*B4*'Взвешенная регрессия'!$B$127)/IF('Ввод'!$B$6=1,'Регрессия'!$B$7,'Взвешенная регрессия'!$B$120)^2 | D4: =IF(C4<0,NA(),SQRT(C4)) | E4: =SQRT(D4^2+(A4*'Ввод'!$B$5)^2) | F4: =2*E4 | G4: =IF(ABS(A4-'Неопределенность'!$B$1)<=$B$2/2,"← x_pred","")
A5: =MIN('Ввод'!$B$9:$B$108)+(ROW()-4)*$B$2 | B5: =IF('Ввод'!$B$6=1,A5-'Регрессия'!$B$3,A5-'Взвешенная регрессия'!$B$128+'Взвешенная регрессия'!$B$121/'Взвешенная регрессия'!$B$120) | C5: =IF('Ввод'!$B$6=1,'Регрессия'!$B$6*(1/'Ввод'!$B$4+1/'Регрессия'!$B$2+B5^2/'Регрессия'!$B$5)+'Регрессия'!$B$10+B5^2*'Регрессия'!$B$9+2*B5*'Регрессия'!$B$11,'Взвешенная регрессия'!$B$124*(1/'Ввод'!$B$4+1/COUNTIFS('Взвешенная регрессия'!$A$11:$A$110,">=0"))+B5^2*'Взвешенная регрессия'!$B$125+'Взвешенная регрессия'!$B$126+2*B5*'Взвешенная регрессия'!$B$127)/IF('Ввод'!$B$6=1,'Регрессия'!$B$7,'Взвешенная регрессия'!$B$120)^2 | D5: =IF(C5<0,NA(),SQRT(C5)) | E5: =SQRT(D5^2+(A5*'Ввод'!$B$5)^2) | F5: =2*E5 | G5: =IF(ABS(A5-'Неопределенность'!$B$1)<=$B$2/2,"← x_pred","")
A6: =MIN('Ввод'!$B$9:$B$108)+(ROW()-4)*$B$2 | B6: =IF('Ввод'!$B$6=1,A6-'Регрессия'!$B$3,A6-'Взвешенная регрессия'!$B$128+'Взвешенная регрессия'!$B$121/'Взвешенная регрессия'!$B$120) | C6: =IF('Ввод'!$B$6=1,'Регрессия'!$B$6*(1/'Ввод'!$B$4+1/'Регрессия'!$B$2+B6^2/'Регрессия'!$B$5)+'Регрессия'!$B$10+B6^2*'Регрессия'!$B$9+2*B6*'Регрессия'!$B$11,'Взвешенная регрессия'!$B$124*(1/'Ввод'!$B$4+1/COUNTIFS('Взвешенная регрессия'!$A$11:$A$110,">=0"))+B6^2*'Взвешенная регрессия'!$B$125+'Взвешенная регрессия'!$B$126+2*B6*'Взвешенная регрессия'!$B$127)/IF('Ввод'!$B$6=1,'Регрессия'!$B$7,'Взвешенная регрессия'!$B$120)^2 | D6: =IF(C6<0,NA(),SQRT(C6)) | E6: =SQRT(D6^2+(A6*'Ввод'!$B$5)^2) | F6: =2*E6 | G6: =IF(ABS(A6-'Неопределенность'!$B$1)<=$B$2/2,"← x_pred","")
A7: =MIN('Ввод'!$B$9:$B$108)+(ROW()-4)*$B$2 | B7: =IF('Ввод'!$B$6=1,A7-'Регрессия'!$B$3,A7-'Взвешенная регрессия'!$B$128+'Взвешенная регрессия'!$B$121/'Взвешенная регрессия'!$B$120) | C7: =IF('Ввод'!$B$6=1,'Регрессия'!$B$6*(1/'Ввод'!$B$4+1/'Регрессия'!$B$2+B7^2/'Регрессия'!$B$5)+'Регрессия'!$B$10+B7^2*'Регрессия'!$B$9+2*B7*'Регрессия'!$B$11,'Взвешенная регрессия'!$B$124*(1/'Ввод'!$B$4+1/COUNTIFS('Взвешенная регрессия'!$A$11:$A$110,">=0"))+B7^2*'Взвешенная регрессия'!$B$125+'Взвешенная регрессия'!$B$126+2*B7*'Взвешенная регрессия'!$B$127)/IF('Ввод'!$B$6=1,'Регрессия'!$B$7,'Взвешенная регрессия'!$B$120)^2 | D7: =IF(C7<0,NA(),SQRT(C7)) | E7: =SQRT(D7^2+(A7*'Ввод'!$B$5)^2) | F7: =2*E7 | G7: =IF(ABS(A7-'Неопределенность'!$B$1)<=$B$2/2,"← x_pred","")
A8: =MIN('Ввод'!$B$9:$B$108)+(ROW()-4)*$B$2 | B8: =IF('Ввод'!$B$6=1,A8-'Регрессия'!$B$3,A8-'Взвешенная регрессия'!$B$128+'Взвешенная регрессия'!$B$121/'Взвешенная регрессия'!$B$120) | C8: =IF('Ввод'!$B$6=1,'Регрессия'!$B$6*(1/'Ввод'!$B$4+1/'Регрессия'!$B$2+B8^2/'Регрессия'!$B$5)+'Регрессия'!$B$10+B8^2*'Регрессия'!$B$9+2*B8*'Регрессия'!$B$11,'Взвешенная регрессия'!$B$124*(1/'Ввод'!$B$4+1/COUNTIFS('Взвешенная регрессия'!$A$11:$A$110,">=0"))+B8^2*'Взвешенная регрессия'!$B$125+'Взвешенная регрессия'!$B$126+2*B8*'Взвешенная регрессия'!$B$127)/IF('Ввод'!$B$6=1,'Регрессия'!$B$7,'Взвешенная регрессия'!$B$120)^2 | D8: =IF(C8<0,NA(),SQRT(C8)) | E8: =SQRT(D8^2+(A8*'Ввод'!$B$5)^2) | F8: =2*E8 | G8: =IF(ABS(A8-'Неопределенность'!$B$1)<=$B$2/2,"← x_pred","")
A9: =MIN('Ввод'!$B$9:$B$108)+(ROW()-4)*$B$2 | B9: =IF('Ввод'!$B$6=1,A9-'Регрессия'!$B$3,A9-'Взвешенная регрессия'!$B$128+'Взвешенная регрессия'!$B$121/'Взвешенная регрессия'!$B$120) | C9: =IF('Ввод'!$B$6=1,'Регрессия'!$B$6*(1/'Ввод'!$B$4+1/'Регрессия'!$B$2+B9^2/'Регрессия'!$B$5)+'Регрессия'!$B$10+B9^2*'Регрессия'!$B$9+2*B9*'Регрессия'!$B$11,'Взвешенная регрессия'!$B$124*(1/'Ввод'!$B$4+1/COUNTIFS('Взвешенная регрессия'!$A$11:$A$110,">=0"))+B9^2*'Взвешенная регрессия'!$B$125+'Взвешенная регрессия'!$B$126+2*B9*'Взвешенная регрессия'!$B$127)/IF('Ввод'!$B$6=1,'Регрессия'!$B$7,'Взвешенная регрессия'!$B$120)^2 | D9: =IF(C9<0,NA(),SQRT(C9)) | E9: =SQRT(D9^2+(A9*'Ввод'!$B$5)^2) | F9: =2*E9 | G9: =IF(ABS(A9-'Неопределенность'!$B$1)<=$B$2/2,"← x_pred","")
A10: =MIN('Ввод'!$B$9:$B$108)+(ROW()-4)*$B$2 | B10: =IF('Ввод'!$B$6=1,A10-'Регрессия'!$B$3,A10-'Взвешенная регрессия'!$B$128+'Взвешенная регрессия'!$B$121/'Взвешенная регрессия'!$B$120) | C10: =IF('Ввод'!$B$6=1,'Регрессия'!$B$6*(1/'Ввод'!$B$4+1/'Регрессия'!$B$2+B10^2/'Регрессия'!$B$5)+'Регрессия'!$B$10+B10^2*'Регрессия'!$B$9+2*B10*'Регрессия'!$B$11,'Взвешенная регрессия'!$B$124*(1/'Ввод'!$B$4+1/COUNTIFS('Взвешенная регрессия'!$A$11:$A$110,">=0"))+B10^2*'Взвешенная регрессия'!$B$125+'Взвешенная регрессия'!$B$126+2*B10*'Взвешенная регрессия'!$B$127)/IF('Ввод'!$B$6=1,'Регрессия'!$B$7,'Взвешенная регрессия'!$B$120)^2 | D10: =IF(C10<0,NA(),SQRT(C10)) | E10: =SQRT(D10^2+(A10*'Ввод'!$B$5)^2) | F10: =2*E10 | G10: =IF(ABS(A10-'Неопределенность'!$B$1)<=$B$2/2,"← x_pred","")
A11: =MIN('Ввод'!$B$9:$B$108)+(ROW()-4)*$B$2 | B11: =IF('Ввод'!$B$6=1,A11-'Регрессия'!$B$3,A11-'Взвешенная регрессия'!$B$128+'Взвешенная регрессия'!$B$121/'Взвешенная регрессия'!$B$120) | C11: =IF('Ввод'!$B$6=1,'Регрессия'!$B$6*(1/'Ввод'!$B$4+1/'Регрессия'!$B$2+B11^2/'Регрессия'!$B$5)+'Регрессия'!$B$10+B11^2*'Регрессия'!$B$9+2*B11*'Регрессия'!$B$11,'Взвешенная регрессия'!$B$124*(1/'Ввод'!$B$4+1/COUNTIFS('Взвешенная регрессия'!$A$11:$A$110,">=0"))+B11^2*'Взвешенная регрессия'!$B$125+'Взвешенная регрессия'!$B$126+2*B11*'Взвешенная регрессия'!$B$127)/IF('Ввод'!$B$6=1,'Регрессия'!$B$7,'Взвешенная регрессия'!$B$120)^2 | D11: =IF(C11<0,NA(),SQRT(C11)) | E11: =SQRT(D11^2+(A11*'Ввод'!$B$5)^2) | F11: =2*E11 | G11: =IF(ABS(A11-'Неопределенность'!$B$1)<=$B$2/2,"← x_pred","")
A12: =MIN('Ввод'!$B$9:$B$108)+(ROW()-4)*$B$2 | B12: =IF('Ввод'!$B$6=1,A12-'Регрессия'!$B$3,A12-'Взвешенная регрессия'!$B$128+'Взвешенная регрессия'!$B$121/'Взвешенная регрессия'!$B$120) | C12: =IF('Ввод'!$B$6=1,'Регрессия'!$B$6*(1/'Ввод'!$B$4+1/'Регрессия'!$B$2+B12^2/'Регрессия'!$B$5)+'Регрессия'!$B$10+B12^2*'Регрессия'!$B$9+2*B12*'Регрессия'!$B$11,'Взвешенная регрессия'!$B$124*(1/'Ввод'!$B$4+1/COUNTIFS('Взвешенная регрессия'!$A$11:$A$110,">=0"))+B12^2*'Взвешенная регрессия'!$B$125+'Взвешенная регрессия'!$B$126+2*B12*'Взвешенная регрессия'!$B$127)/IF('Ввод'!$B$6=1,'Регрессия'!$B$7,'Взвешенная регрессия'!$B$120)^2 | D12: =IF(C12<0,NA(),SQRT(C12)) | E12: =SQRT(D12^2+(A12*'Ввод'!$B$5)^2) | F12: =2*E12 | G12: =IF(ABS(A12-'Неопределенность'!$B$1)<=$B$2/2,"← x_pred","")
A13: =MIN('Ввод'!$B$9:$B$108)+(ROW()-4)*$B$2 | B13: =IF('Ввод'!$B$6=1,A13-'Регрессия'!$B$3,A13-'Взвешенная регрессия'!$B$128+'Взвешенная регрессия'!$B$121/'Взвешенная регрессия'!$B$120) | C13: =IF('Ввод'!$B$6=1,'Регрессия'!$B$6*(1/'Ввод'!$B$4+1/'Регрессия'!$B$2+B13^2/'Регрессия'!$B$5)+'Регрессия'!$B$10+B13^2*'Регрессия'!$B$9+2*B13*'Регрессия'!$B$11,'Взвешенная регрессия'!$B$124*(1/'Ввод'!$B$4+1/COUNTIFS('Взвешенная регрессия'!$A$11:$A$110,">=0"))+B13^2*'Взвешенная регрессия'!$B$125+'Взвешенная регрессия'!$B$126+2*B13*'Взвешенная регрессия'!$B$127)/IF('Ввод'!$B$6=1,'Регрессия'!$B$7,'Взвешенная регрессия'!$B$120)^2 | D13: =IF(C13<0,NA(),SQRT(C13)) | E13: =SQRT(D13^2+(A13*'Ввод'!$B$5)^2) | F13: =2*E13 | G13: =IF(ABS(A13-'Неопределенность'!$B$1)<=$B$2/2,"← x_pred","")
A14: =MIN('Ввод'!$B$9:$B$108)+(ROW()-4)*$B$2 | B14: =IF('Ввод'!$B$6=1,A14-'Регрессия'!$B$3,A14-'Взвешенная регрессия'!$B$128+'Взвешенная регрессия'!$B$121/'Взвешенная регрессия'!$B$120) | C14: =IF('Ввод'!$B$6=1,'Регрессия'!$B$6*(1/'Ввод'!$B$4+1/'Регрессия'!$B$2+B14^2/'Регрессия'!$B$5)+'Регрессия'!$B$10+B14^2*'Регрессия'!$B$9+2*B14*'Регрессия'!$B$11,'Взвешенная регрессия'!$B$124*(1/'Ввод'!$B$4+1/COUNTIFS('Взвешенная регрессия'!$A$11:$A$110,">=0"))+B14^2*'Взвешенная регрессия'!$B$125+'Взвешенная регрессия'!$B$126+2*B14*'Взвешенная регрессия'!$B$127)/IF('Ввод'!$B$6=1,'Регрессия'!$B$7,'Взвешенная регрессия'!$B$120)^2 | D14: =IF(C14<0,NA(),SQRT(C14)) | E14: =SQRT(D14^2+(A14*'Ввод'!$B$5)^2) | F14: =2*E14 | G14: =IF(ABS(A14-'Неопределенность'!$B$1)<=$B$2/2,"← x_pred","")
A15: =MIN('Ввод'!$B$9:$B$108)+(ROW()-4)*$B$2 | B15: =IF('Ввод'!$B$6=1,A15-'Регрессия'!$B$3,A15-'Взвешенная регрессия'!$B$128+'Взвешенная регрессия'!$B$121/'Взвешенная регрессия'!$B$120) | C15: =IF('Ввод'!$B$6=1,'Регрессия'!$B$6*(1/'Ввод'!$B$4+1/'Регрессия'!$B$2+B15^2/'Регрессия'!$B$5)+'Регрессия'!$B$10+B15^2*'Регрессия'!$B$9+2*B15*'Регрессия'!$B$11,'Взвешенная регрессия'!$B$124*(1/'Ввод'!$B$4+1/COUNTIFS('Взвешенная регрессия'!$A$11:$A$110,">=0"))+B15^2*'Взвешенная регрессия'!$B$125+'Взвешенная регрессия'!$B$126+2*B15*'Взвешенная регрессия'!$B$127)/IF('Ввод'!$B$6=1,'Регрессия'!$B$7,'Взвешенная регрессия'!$B$120)^2 | D15: =IF(C15<0,NA(),SQRT(C15)) | E15: =SQRT(D15^2+(A15*'Ввод'!$B$5)^2) | F15: =2*E15 | G15: =IF(ABS(A15-'Неопределенность'!$B$1)<=$B$2/2,"← x_pred","")
... A203: =MIN('Ввод'!$B$9:$B$108)+(ROW()-4)*$B$2 | B203: =IF('Ввод'!$B$6=1,A203-'Регрессия'!$B$3,A203-'Взвешенная регрессия'!$B$128+'Взвешенная регрессия'!$B$121/'Взвешенная регрессия'!$B$120) | C203: =IF('Ввод'!$B$6=1,'Регрессия'!$B$6*(1/'Ввод'!$B$4+1/'Регрессия'!$B$2+B203^2/'Регрессия'!$B$5)+'Регрессия'!$B$10+B203^2*'Регрессия'!$B$9+2*B203*'Регрессия'!$B$11,'Взвешенная регрессия'!$B$124*(1/'Ввод'!$B$4+1/COUNTIFS('Взвешенная регрессия'!$A$11:$A$110,">=0"))+B203^2*'Взвешенная регрессия'!$B$125+'Взвешенная регрессия'!$B$126+2*B203*'Взвешенная регрессия'!$B$127)/IF('Ввод'!$B$6=1,'Регрессия'!$B$7,'Взвешенная регрессия'!$B$120)^2 | D203: =IF(C203<0,NA(),SQRT(C203)) | E203: =SQRT(D203^2+(A203*'Ввод'!$B$5)^2) | F203: =2*E203 | G203: =IF(ABS(A203-'Неопределенность'!$B$1)<=$B$2/2,"← x_pred","")

Sheet Валидация
A1: АВТОМАТИЧЕСКАЯ ДИАГНОСТИКА МОДЕЛИ
A3: Достаточно степеней свободы (ОМНК) | B3: ='Регрессия'!B2>2 | C3: =IF(B3,"PASS","FAIL")
A4: Sxx > 0 | B4: ='Регрессия'!B5>0 | C4: =IF(B4,"PASS","FAIL")
A5: Наклон b1 ≠ 0 (ОМНК) | B5: =ABS('Регрессия'!B7)>1E-12 | C5: =IF(B5,"PASS","FAIL")
A6: Нет экстраполяции | B6: =NOT('Неопределенность'!B13) | C6: =IF(B6,"PASS","FAIL")
A7: Согласованность двух формул ОМНК | B7: ='Неопределенность'!B12<1E-6 | C7: =IF(B7,"PASS","FAIL")
A8: R² ≥ 0.99 (диагностический порог) | B8: ='Регрессия'!B12>=0.99 | C8: =IF(B8,"PASS","FAIL")
A9: Нулевой уровень x=0 задан (для весов 1/x обязателен) | B9: =COUNTIFS('Ввод'!B9:B108,0)>0 | C9: =IF(B9,"PASS","FAIL")
A10: Все веса положительны (нет #N/A в столбце w) | B10: =IF('Ввод'!$B$6=1,TRUE,COUNT('Взвешенная регрессия'!C11:C110)=COUNT('Взвешенная регрессия'!A11:A110)) | C10: =IF(B10,"PASS","FAIL")
A11: SSE_WLS ≤ SSE_ОМНК (взвешенная сумма квадратов меньше невозвешенной) | B11: =IF('Ввод'!$B$6=1,TRUE,'Взвешенная регрессия'!B122<=SUM('Ввод'!I9:I108)+1E-12) | C11: =IF(B11,"PASS","FAIL")
A12: Δb1 (WLS vs ОМНК) < 10% — умеренное влияние весов | B12: =IF('Ввод'!$B$6=1,TRUE,'Взвешенная регрессия'!B129<0.1) | C12: =IF(B12,"PASS","FAIL")
A13: a priori гетероскедастичность: s(y) растёт с x (кор. рангов > 0.5) | B13: =IF(COUNT('Ввод'!J9:J108)>=3,CORREL('Ввод'!B9:B108,'Ввод'!J9:J108)>0.5,TRUE) | C13: =IF(B13,"PASS","FAIL")
A15: Итог | B15: =IF(COUNTIF(C3:C13,"FAIL")=0,"МОДЕЛЬ ПРИГОДНА","ЕСТЬ ЗАМЕЧАНИЯ")
